{"stat.flyOneCm":151705,"stat.killEntity.Skeleton":8,"stat.walkOneCm":19243,"stat.jump":154,"stat.playOneMinute":2260,"stat.useItem.minecraft.wooden_sword":203,"achievement.openInventory":4,"stat.leaveGame":1,"stat.killEntity.Spider":10,"stat.damageDealt":12950,"stat.killEntity.Zombie":8,"stat.timeSinceDeath":2260,"stat.killEntity.Enderman":3,"stat.sprintOneCm":480,"stat.mobKills":40,"achievement.exploreAllBiomes":{"value":0,"progress":["Plains"]},"stat.killEntity.Creeper":11,"stat.useItem.minecraft.potion":6}