{"stat.useItem.minecraft.string":3,"stat.killEntity.Skeleton":43,"stat.walkOneCm":83079,"achievement.openInventory":3,"stat.leaveGame":1,"stat.killEntity.Slime":101,"stat.killEntity.Spider":40,"stat.killEntity.Enderman":6,"stat.mobKills":292,"stat.killEntity.Creeper":29,"stat.talkedToVillager":2,"stat.useItem.minecraft.potion":4,"stat.flyOneCm":850547,"stat.jump":885,"stat.swimOneCm":240,"stat.playOneMinute":11771,"stat.killEntity.Witch":3,"stat.useItem.minecraft.wooden_sword":998,"stat.killEntity.Villager":27,"stat.damageDealt":64180,"stat.crouchOneCm":825,"stat.killEntity.Zombie":43,"stat.timeSinceDeath":11771,"stat.sprintOneCm":1360,"stat.useItem.minecraft.spawn_egg":32,"achievement.exploreAllBiomes":{"value":0,"progress":["Plains"]}}