{"stat.flyOneCm":455755,"stat.killEntity.Skeleton":16,"stat.walkOneCm":47297,"stat.jump":475,"stat.playOneMinute":7583,"stat.killEntity.Witch":1,"stat.useItem.minecraft.wooden_sword":422,"achievement.openInventory":8,"stat.leaveGame":1,"stat.killEntity.Slime":123,"stat.killEntity.Villager":1,"stat.killEntity.Spider":16,"stat.damageDealt":28375,"stat.crouchOneCm":92,"stat.killEntity.Zombie":16,"stat.timeSinceDeath":7583,"stat.killEntity.Enderman":2,"stat.sprintOneCm":301,"stat.mobKills":193,"achievement.exploreAllBiomes":{"value":0,"progress":["Plains"]},"stat.killEntity.Creeper":18,"stat.useItem.minecraft.potion":3}