{"stat.flyOneCm":344149,"stat.killEntity.Skeleton":10,"stat.walkOneCm":32732,"stat.jump":346,"stat.playOneMinute":5441,"stat.killEntity.Witch":4,"stat.useItem.minecraft.wooden_sword":361,"stat.leaveGame":1,"stat.killEntity.Slime":110,"stat.killEntity.Villager":4,"stat.killEntity.Spider":9,"stat.damageDealt":23185,"stat.killEntity.Zombie":6,"stat.timeSinceDeath":5441,"stat.killEntity.Enderman":4,"stat.sprintOneCm":75,"stat.mobKills":159,"stat.useItem.minecraft.spawn_egg":4,"achievement.exploreAllBiomes":{"value":0,"progress":["Plains"]},"stat.killEntity.Creeper":12,"stat.useItem.minecraft.potion":2}