{"stat.killEntity.Skeleton":32,"stat.walkOneCm":95061,"achievement.openInventory":7,"stat.leaveGame":1,"stat.killEntity.Slime":233,"stat.killEntity.Spider":53,"stat.killEntity.Enderman":6,"stat.mobKills":428,"stat.killEntity.Creeper":44,"stat.talkedToVillager":1,"stat.useItem.minecraft.potion":17,"stat.flyOneCm":952902,"stat.jump":948,"stat.playOneMinute":12656,"stat.killEntity.Witch":2,"stat.useItem.minecraft.wooden_sword":1127,"stat.killEntity.Sheep":1,"stat.killEntity.Villager":10,"stat.damageDealt":72095,"stat.crouchOneCm":314,"stat.killEntity.Zombie":45,"stat.timeSinceDeath":12656,"stat.killEntity.Cow":1,"stat.sprintOneCm":2842,"stat.killEntity.Pig":1,"achievement.exploreAllBiomes":{"value":0,"progress":["Plains"]}}