{"stat.flyOneCm":633944,"stat.killEntity.Skeleton":37,"stat.walkOneCm":66064,"stat.jump":607,"stat.playOneMinute":8102,"stat.useItem.minecraft.wooden_sword":799,"achievement.openInventory":4,"stat.killEntity.Sheep":1,"stat.leaveGame":1,"stat.killEntity.Slime":61,"stat.killEntity.Spider":42,"stat.killEntity.Villager":1,"stat.damageDealt":51250,"stat.killEntity.Rabbit":1,"stat.killEntity.Zombie":33,"stat.timeSinceDeath":8102,"stat.killEntity.Enderman":6,"stat.killEntity.Cow":1,"stat.sprintOneCm":812,"stat.mobKills":220,"achievement.exploreAllBiomes":{"value":0,"progress":["Plains"]},"stat.killEntity.Creeper":37,"stat.useItem.minecraft.potion":8}