{"stat.useItem.minecraft.bow":26,"stat.flyOneCm":575390,"stat.walkOneCm":66731,"stat.jump":637,"stat.playOneMinute":8989,"stat.useItem.minecraft.wooden_sword":536,"achievement.openInventory":3,"stat.leaveGame":1,"stat.killEntity.Slime":441,"stat.killEntity.Villager":7,"stat.damageDealt":33920,"stat.crouchOneCm":883,"stat.timeSinceDeath":8989,"stat.mobKills":448,"stat.sprintOneCm":3253,"stat.useItem.minecraft.spawn_egg":7,"achievement.exploreAllBiomes":{"value":0,"progress":["Plains"]},"stat.useItem.minecraft.potion":7}