{"stat.useItem.minecraft.bow":3,"stat.walkOneCm":121409,"stat.leaveGame":2,"stat.killEntity.Slime":429,"stat.killEntity.Creeper":48,"stat.useItem.minecraft.potion":2,"stat.jump":1149,"stat.crouchOneCm":338,"stat.sprintOneCm":7255,"achievement.exploreAllBiomes":{"value":0,"progress":["Plains"]},"stat.killEntity.Skeleton":40,"achievement.openInventory":5,"stat.killEntity.Spider":44,"stat.killEntity.Enderman":1,"stat.mobKills":611,"stat.flyOneCm":1107987,"stat.playOneMinute":16019,"stat.killEntity.Witch":5,"stat.useItem.minecraft.wooden_sword":1280,"stat.killEntity.Sheep":1,"stat.killEntity.Villager":1,"stat.damageDealt":80415,"stat.killEntity.Rabbit":1,"stat.killEntity.Zombie":40,"stat.timeSinceDeath":16019,"stat.killEntity.Cow":1}