{"stat.flyOneCm":424141,"stat.killEntity.Skeleton":21,"stat.walkOneCm":42194,"stat.jump":435,"stat.playOneMinute":6107,"stat.useItem.minecraft.wooden_sword":525,"stat.leaveGame":1,"stat.killEntity.Slime":69,"stat.killEntity.Spider":21,"stat.damageDealt":33630,"stat.crouchOneCm":413,"stat.killEntity.Zombie":25,"stat.timeSinceDeath":6107,"stat.killEntity.Enderman":3,"stat.sprintOneCm":306,"stat.mobKills":166,"achievement.exploreAllBiomes":{"value":0,"progress":["Plains"]},"stat.killEntity.Creeper":27,"stat.useItem.minecraft.potion":3}